<?xml version="1.0" encoding="UTF-8"?>
<tincan xmlns="http://projecttincan.com/tincan.xsd">
<activities>
	
	<activity id="https://nacc.mylearntime.com/lrs_nacc/poo1_3" type="http://adlnet.gov/expapi/activities/course">
		<name>หลักสูตรการป้องกันการทุจริต ระดับประถมศึกษาปีที่ 1 หน่วยที่ 3</name>
		<description lang="en-US">หลักสูตรการป้องกันการทุจริต ระดับประถมศึกษาปีที่1  หน่วยที่ 3</description>
		<launch lang="en-us">index.html</launch>
	</activity>
	
	

	<activity id="https://nacc.mylearntime.com/lrs_nacc/poo1_3/data/m01/index.html" type="http://adlnet.gov/expapi/activities/module">
		<name lang="und">หน่วยที่ 3 STRONG : จิตพอเพียงต้านทุจริต</name>
		<description lang="und">หน่วยที่ 3 STRONG : จิตพอเพียงต้านทุจริต</description>
	</activity>
	
	
	
	<activity id="https://nacc.mylearntime.com/lrs_nacc/poo1_3/data/posttest/index.html" type="http://adlnet.gov/expapi/activities/module">
		<name lang="und">แบบทดสอบท้ายบท</name>
		<description lang="und">แบบทดสอบท้ายบท</description>
	</activity>
	
	
   
</activities>
</tincan>