<?xml version="1.0" encoding="UTF-8"?>
<tincan xmlns="http://projecttincan.com/tincan.xsd">
<activities>
	
	<activity id="https://nacc.mylearntime.com/lrs_nacc/poo1_1" type="http://adlnet.gov/expapi/activities/course">
		<name>หลักสูตรการป้องกันการทุจริต ระดับประถมศึกษาปีที่ 1 หน่วยที่ 1</name>
		<description lang="en-US">หลักสูตรการป้องกันการทุจริต ระดับประถมศึกษาปีที่ 1  หน่วยที่ 1</description>
		<launch lang="en-us">index.html</launch>
	</activity>
	
	

	<activity id="https://nacc.mylearntime.com/lrs_nacc/poo1_1/data/P01_1_1/index.html" type="http://adlnet.gov/expapi/activities/module">
		<name lang="und">หน่วยที่ 1 การคิดแยกแยะระหว่างผลประโยชน์ส่วนตนและผลประโยชน์ส่วนรวม - ของใช้ส่วนตน</name>
		<description lang="und">หน่วยที่ 1 การคิดแยกแยะระหว่างผลประโยชน์ส่วนตนและผลประโยชน์ส่วนรวม - ของใช้ส่วนตน</description>
	</activity>
	
	<activity id="https://nacc.mylearntime.com/lrs_nacc/poo1_1/data/P01_1_2/index.html" type="http://adlnet.gov/expapi/activities/module">
		<name lang="und">หน่วยที่ 1 การคิดแยกแยะระหว่างผลประโยชน์ส่วนตนและผลประโยชน์ส่วนรวม - ของใช้ส่วนรวมภายในบ้าน</name>
		<description lang="und">หน่วยที่ 1 การคิดแยกแยะระหว่างผลประโยชน์ส่วนตนและผลประโยชน์ส่วนรวม - ของใช้ส่วนรวมภายในบ้าน</description>
	</activity>
	
	<activity id="https://nacc.mylearntime.com/lrs_nacc/poo1_1/data/P01_1_3/index.html" type="http://adlnet.gov/expapi/activities/module">
		<name lang="und">หน่วยที่ 1 การคิดแยกแยะระหว่างผลประโยชน์ส่วนตนและผลประโยชน์ส่วนรวม - ของใช้ส่วนตน ของใช้ส่วนรวม</name>
		<description lang="und">หน่วยที่ 1 การคิดแยกแยะระหว่างผลประโยชน์ส่วนตนและผลประโยชน์ส่วนรวม - ของใช้ส่วนตน ของใช้ส่วนรวม</description>
	</activity>
	
	
	
	<activity id="https://nacc.mylearntime.com/lrs_nacc/poo1_1/data/posttest/index.html" type="http://adlnet.gov/expapi/activities/module">
		<name lang="und">แบบทดสอบท้ายบท</name>
		<description lang="und">แบบทดสอบท้ายบท</description>
	</activity>
	
	
   
</activities>
</tincan>