<?xml version="1.0" encoding="utf-8"?>
<tincan xmlns:xsi="http://www.w3.org/2001/XMLSchema-instance" xmlns:xsd="http://www.w3.org/2001/XMLSchema" xmlns="http://projecttincan.com/tincan.xsd">
	<activities>
		<activity id="urn:articulate:storyline:6SlTPySXo4A" type="http://adlnet.gov/expapi/activities/course">
			<name lang="und">001</name>
			<description lang="und" />
			<launch lang="und">index_lms.html</launch>
		</activity>
		<activity id="urn:articulate:storyline:6SlTPySXo4A/5pWHBVDbZB6" type="http://adlnet.gov/expapi/activities/module">
			<name lang="und">เรื่องที่ 2</name>
			<description lang="und">เรื่องที่ 2</description>
		</activity>
		<activity id="urn:articulate:storyline:6SlTPySXo4A/6gdYqoGM15y" type="http://adlnet.gov/expapi/activities/module">
			<name lang="und">เรื่องที่ 3</name>
			<description lang="und">เรื่องที่ 3</description>
		</activity>
	</activities>
</tincan>